Number,Question,Image_path,Answer
1,"请根据患者的影像学检查图片，回答问题，单选题，从中选择一个最佳答案，要求只输出选项，不输出解释：
根据影像学检查结果，请问该患者最可能的影像学诊断是：
A：内侧半月板损伤
B：外侧半月板损伤
C：外侧副韧带损伤 
D：前交叉韧带断裂
E：内侧副韧带断裂",knee/1.PNG,B
2,"请根据患者的影像学检查图片，回答问题，单选题，从中选择一个最佳答案，要求只输出选项，不输出解释：
根据影像学检查结果，请问该患者最可能的影像学诊断是：
A：内侧副韧带断裂
B：内侧半月板损伤
C：外侧半月板损伤 
D：外侧副韧带损伤
E：前交叉韧带断裂",knee/2.PNG,B
3,"请根据患者的影像学检查图片，回答问题，单选题，从中选择一个最佳答案，要求只输出选项，不输出解释：
根据影像学检查结果，请问该患者最可能的影像学诊断是：
A：前交叉韧带断裂
B：内侧副韧带断裂
C：内侧半月板损伤 
D：外侧半月板损伤
E：外侧副韧带损伤",knee/3.PNG,D
4,"请根据患者的影像学检查图片，回答问题，单选题，从中选择一个最佳答案，要求只输出选项，不输出解释：
根据影像学检查结果，请问该患者最可能的影像学诊断是：
A：外侧副韧带损伤
B：前交叉韧带断裂
C：内侧副韧带断裂 
D：内侧半月板损伤
E：外侧半月板损伤",knee/4.PNG,D
5,"请根据患者的影像学检查图片，回答问题，单选题，从中选择一个最佳答案，要求只输出选项，不输出解释：
根据影像学检查结果，请问该患者最可能的影像学诊断是：
A：外侧半月板损伤
B：外侧副韧带损伤
C：前交叉韧带断裂 
D：内侧副韧带断裂
E：内侧半月板损伤",knee/5.PNG,A
6,"请根据患者的影像学检查图片，回答问题，单选题，从中选择一个最佳答案，要求只输出选项，不输出解释：
根据影像学检查结果，请问该患者最可能的影像学诊断是：
A：内侧半月板损伤
B：外侧半月板损伤
C：外侧副韧带损伤 
D：前交叉韧带断裂
E：内侧副韧带断裂",knee/6.PNG,B
7,"请根据患者的影像学检查图片，回答问题，单选题，从中选择一个最佳答案，要求只输出选项，不输出解释：
根据影像学检查结果，请问该患者最可能的影像学诊断是：
A：内侧副韧带断裂
B：内侧半月板损伤
C：外侧半月板损伤 
D：外侧副韧带损伤
E：前交叉韧带断裂",knee/7.PNG,C
8,"请根据患者的影像学检查图片，回答问题，单选题，从中选择一个最佳答案，要求只输出选项，不输出解释：
根据影像学检查结果，请问该患者最可能的影像学诊断是：
A：前交叉韧带断裂
B：内侧副韧带断裂
C：内侧半月板损伤 
D：外侧半月板损伤
E：外侧副韧带损伤",knee/8.PNG,D
9,"请根据患者的影像学检查图片，回答问题，单选题，从中选择一个最佳答案，要求只输出选项，不输出解释：
根据影像学检查结果，请问该患者最可能的影像学诊断是：
A：外侧副韧带损伤
B：前交叉韧带断裂
C：内侧副韧带断裂 
D：内侧半月板损伤
E：外侧半月板损伤",knee/9.PNG,D
10,"请根据患者的影像学检查图片，回答问题，单选题，从中选择一个最佳答案，要求只输出选项，不输出解释：
根据影像学检查结果，请问该患者最可能的影像学诊断是：
A：外侧半月板损伤
B：外侧副韧带损伤
C：前交叉韧带断裂 
D：内侧副韧带断裂
E：内侧半月板损伤",knee/10.PNG,E
11,"请根据患者的影像学检查图片，回答问题，单选题，从中选择一个最佳答案，要求只输出选项，不输出解释：
根据影像学检查结果，请问该患者最可能的影像学诊断是：
A：内侧半月板损伤
B：外侧半月板损伤
C：外侧副韧带损伤 
D：前交叉韧带断裂
E：内侧副韧带断裂",knee/11.PNG,A
12,"请根据患者的影像学检查图片，回答问题，单选题，从中选择一个最佳答案，要求只输出选项，不输出解释：
根据影像学检查结果，请问该患者最可能的影像学诊断是：
A：内侧副韧带断裂
B：内侧半月板损伤
C：外侧半月板损伤 
D：外侧副韧带损伤
E：前交叉韧带断裂",knee/12.PNG,C
13,"请根据患者的影像学检查图片，回答问题，单选题，从中选择一个最佳答案，要求只输出选项，不输出解释：
根据影像学检查结果，请问该患者最可能的影像学诊断是：
A：前交叉韧带断裂
B：内侧副韧带断裂
C：内侧半月板损伤 
D：外侧半月板损伤
E：外侧副韧带损伤",knee/13.PNG,D
14,"请根据患者的影像学检查图片，回答问题，单选题，从中选择一个最佳答案，要求只输出选项，不输出解释：
根据影像学检查结果，请问该患者最可能的影像学诊断是：
A：外侧副韧带损伤
B：前交叉韧带断裂
C：内侧副韧带断裂 
D：内侧半月板损伤
E：外侧半月板损伤",knee/14.PNG,E
15,"请根据患者的影像学检查图片，回答问题，单选题，从中选择一个最佳答案，要求只输出选项，不输出解释：
根据影像学检查结果，请问该患者最可能的影像学诊断是：
A：外侧半月板损伤
B：外侧副韧带损伤
C：前交叉韧带断裂 
D：内侧副韧带断裂
E：内侧半月板损伤",knee/15.PNG,A
16,"请根据患者的影像学检查图片，回答问题，单选题，从中选择一个最佳答案，要求只输出选项，不输出解释：
根据影像学检查结果，请问该患者最可能的影像学诊断是：
A：外侧半月板损伤
B：前交叉韧带断裂
C：后交叉韧带断裂 
D：内侧副韧带损伤
E：外侧副韧带损伤",knee/16.PNG,B
17,"请根据患者的影像学检查图片，回答问题，单选题，从中选择一个最佳答案，要求只输出选项，不输出解释：
根据影像学检查结果，请问该患者最可能的影像学诊断是：
A：内侧半月板损伤
B：外侧半月板损伤
C：前交叉韧带重建术后再损伤 
D：后交叉韧带重建术后再损伤
E：内侧副韧带损伤",knee/17.PNG,C
18,"请根据患者的影像学检查图片，回答问题，单选题，从中选择一个最佳答案，要求只输出选项，不输出解释：
根据影像学检查结果，请问该患者最可能的影像学诊断是：
A：内侧副韧带损伤
B：外侧副韧带损伤
C：髌骨脱位
D：前交叉韧带断裂
E：后交叉韧带断裂",knee/18.PNG,D
19,"请根据患者的影像学检查图片，回答问题，单选题，从中选择一个最佳答案，要求只输出选项，不输出解释：
根据影像学检查结果，请问该患者最可能的影像学诊断是：
A：后交叉韧带断裂
B：内侧副韧带损伤
C：内侧半月板损伤 
D：外侧半月板损伤
E：前交叉韧带断裂",knee/19.PNG,E
20,"请根据患者的影像学检查图片，回答问题，单选题，从中选择一个最佳答案，要求只输出选项，不输出解释：
根据影像学检查结果，请问该患者最可能的影像学诊断是：
A：前交叉韧带断裂
B：外侧副韧带损伤
C：内侧副韧带损伤 
D：内侧半月板损伤
E：外侧半月板损伤",knee/20.PNG,A
21,"请根据患者的影像学检查图片，回答问题，单选题，从中选择一个最佳答案，要求只输出选项，不输出解释：
根据影像学检查结果，请问该患者最可能的影像学诊断是：
A：外侧半月板损伤
B：前交叉韧带断裂
C：后交叉韧带断裂 
D：内侧副韧带损伤
E：内侧半月板损伤",knee/21.PNG,B
22,"请根据患者的影像学检查图片，回答问题，单选题，从中选择一个最佳答案，要求只输出选项，不输出解释：
根据影像学检查结果，请问该患者最可能的影像学诊断是：
A：内侧半月板损伤
B：外侧半月板损伤
C：前交叉韧带重建术后再损伤 
D：后交叉韧带重建术后再损伤
E：内侧副韧带损伤",knee/22.PNG,C
23,"请根据患者的影像学检查图片，回答问题，单选题，从中选择一个最佳答案，要求只输出选项，不输出解释：
根据影像学检查结果，请问该患者最可能的影像学诊断是：
A：内侧副韧带损伤
B：内侧半月板损伤
C：外侧半月板损伤 
D：前交叉韧带断裂
E：后交叉韧带断裂",knee/23.PNG,E
24,"请根据患者的影像学检查图片，回答问题，单选题，从中选择一个最佳答案，要求只输出选项，不输出解释：
根据影像学检查结果，请问该患者最可能的影像学诊断是：
A：后交叉韧带断裂
B：内侧副韧带损伤
C：内侧半月板损伤 
D：外侧半月板损伤
E：前交叉韧带断裂",knee/24.PNG,A
25,"请根据患者的影像学检查图片，回答问题，单选题，从中选择一个最佳答案，要求只输出选项，不输出解释：
根据影像学检查结果，请问该患者最可能的影像学诊断是：
A：前交叉韧带断裂
B：后交叉韧带断裂
C：内侧副韧带损伤 
D：内侧半月板损伤
E：外侧半月板损伤",knee/25.PNG,A
26,"请根据患者的影像学检查图片，回答问题，单选题，从中选择一个最佳答案，要求只输出选项，不输出解释：
根据影像学检查结果，请问该患者最可能的影像学诊断是：
A：外侧半月板损伤
B：前交叉韧带断裂
C：后交叉韧带断裂 
D：内侧副韧带损伤
E：内侧半月板损伤",knee/26.PNG,C
27,"请根据患者的影像学检查图片，回答问题，单选题，从中选择一个最佳答案，要求只输出选项，不输出解释：
根据影像学检查结果，请问该患者最可能的影像学诊断是：
A：内侧半月板损伤
B：外侧半月板损伤
C：前交叉韧带断裂 
D：后交叉韧带断裂
E：内侧副韧带损伤",knee/27.PNG,C
28,"请根据患者的影像学检查图片，回答问题，单选题，从中选择一个最佳答案，要求只输出选项，不输出解释：
根据影像学检查结果，请问该患者最可能的影像学诊断是：
A：内侧副韧带损伤
B：外侧副韧带损伤
C：外侧半月板损伤 
D：前交叉韧带断裂
E：后交叉韧带断裂",knee/28.PNG,E
29,"请根据患者的影像学检查图片，回答问题，单选题，从中选择一个最佳答案，要求只输出选项，不输出解释：
根据影像学检查结果，请问该患者最可能的影像学诊断是：
A：外侧副韧带损伤
B：内侧副韧带损伤
C：内侧半月板损伤 
D：外侧半月板损伤
E：前交叉韧带断裂",knee/29.PNG,E
30,"请根据患者的影像学检查图片，回答问题，单选题，从中选择一个最佳答案，要求只输出选项，不输出解释：
根据影像学检查结果，请问该患者最可能的影像学诊断是：
A：前交叉韧带断裂
B：外侧副韧带损伤
C：内侧副韧带损伤 
D：内侧半月板损伤
E：外侧半月板损伤",knee/30.PNG,A
31,"请根据患者的影像学检查图片，回答问题，单选题，从中选择一个最佳答案，要求只输出选项，不输出解释：
根据影像学检查结果，请问该患者最可能的影像学诊断是：
A：外侧半月板损伤
B：前交叉韧带断裂
C：髌骨脱位 
D：内侧副韧带损伤
E：内侧半月板损伤",knee/31.JPG,C
32,"请根据患者的影像学检查图片，回答问题，单选题，从中选择一个最佳答案，要求只输出选项，不输出解释：
根据影像学检查结果，请问该患者最可能的影像学诊断是：
A：内侧半月板损伤
B：外侧半月板损伤
C：前交叉韧带断裂 
D：髌骨脱位
E：后交叉韧带损伤",knee/32.JPG,D
33,"请根据患者的影像学检查图片，回答问题，单选题，从中选择一个最佳答案，要求只输出选项，不输出解释：
根据影像学检查结果，请问该患者最可能的影像学诊断是：
A：内侧副韧带损伤
B：内侧半月板损伤
C：外侧半月板损伤 
D：前交叉韧带断裂
E：髌骨脱位",knee/33.JPG,E
34,"请根据患者的影像学检查图片，回答问题，单选题，从中选择一个最佳答案，要求只输出选项，不输出解释：
根据影像学检查结果，请问该患者最可能的影像学诊断是：
A：髌骨脱位
B：内侧副韧带损伤
C：内侧半月板损伤 
D：外侧半月板损伤
E：前交叉韧带断裂",knee/34.JPG,A
35,"请根据患者的影像学检查图片，回答问题，单选题，从中选择一个最佳答案，要求只输出选项，不输出解释：
根据影像学检查结果，请问该患者最可能的影像学诊断是：
A：前交叉韧带断裂
B：髌骨脱位
C：内侧副韧带损伤 
D：内侧半月板损伤
E：外侧半月板损伤",knee/35.JPG,B
36,"请根据患者的影像学检查图片，回答问题，单选题，从中选择一个最佳答案，要求只输出选项，不输出解释：
根据影像学检查结果，请问该患者最可能的影像学诊断是：
A：外侧半月板损伤
B：前交叉韧带断裂
C：膝关节术后改变
D：内侧副韧带损伤
E：内侧半月板损伤",knee/36.PNG,C
37,"请根据患者的影像学检查图片，回答问题，单选题，从中选择一个最佳答案，要求只输出选项，不输出解释：
根据影像学检查结果，请问该患者最可能的影像学诊断是：
A：内侧半月板损伤
B：髌骨脱位
C：前交叉韧带断裂 
D：髌骨骨折
E：内侧副韧带损伤",knee/37.JPG,D
38,"请根据患者的影像学检查图片，回答问题，单选题，从中选择一个最佳答案，要求只输出选项，不输出解释：
根据影像学检查结果，请问该患者最可能的影像学诊断是：
A：股骨骨折
B：肱骨骨折
C：胫骨骨折
D：锁骨骨折
E：髌骨骨折",knee/38.JPG,C
39,"请根据患者的影像学检查图片，回答问题，单选题，从中选择一个最佳答案，要求只输出选项，不输出解释：
根据影像学检查结果，请问该患者最可能的影像学诊断是：
A：髌骨脱位
B：内侧副韧带损伤
C：内侧半月板损伤 
D：外侧半月板损伤
E：前交叉韧带断裂",knee/39.PNG,E
40,"请根据患者的影像学检查图片，回答问题，单选题，从中选择一个最佳答案，要求只输出选项，不输出解释：
根据影像学检查结果，请问该患者最可能的影像学诊断是：
A：前交叉韧带断裂
B：髌骨脱位
C：内侧副韧带损伤 
D：内侧半月板损伤
E：外侧半月板损伤",knee/40.PNG,A
41,"请根据患者的影像学检查图片，回答问题，单选题，从中选择一个最佳答案，要求只输出选项，不输出解释：
根据影像学检查结果，请问该患者最可能的影像学诊断是：
A：膝骨关节炎
B：膝关节脱位
C：股骨骨折 
D：胫骨骨折
E：腓骨骨折",knee/41.PNG,A
42,"请根据患者的影像学检查图片，回答问题，单选题，从中选择一个最佳答案，要求只输出选项，不输出解释：
根据影像学检查结果，请问该患者最可能的影像学诊断是：
A：膝关节脱位
B：股骨骨折
C：胫骨骨折 
D：腓骨骨折
E：膝骨关节炎",knee/42.PNG,E
43,"请根据患者的影像学检查图片，回答问题，单选题，从中选择一个最佳答案，要求只输出选项，不输出解释：
根据影像学检查结果，请问该患者最可能的影像学诊断是：
A：股骨骨折
B：胫骨骨折
C：腓骨骨折 
D：膝骨关节炎
E：膝关节脱位",knee/43.PNG,D
44,"请根据患者的影像学检查图片，回答问题，单选题，从中选择一个最佳答案，要求只输出选项，不输出解释：
根据影像学检查结果，请问该患者最可能的影像学诊断是：
A：胫骨骨折
B：腓骨骨折
C：膝骨关节炎 
D：膝关节脱位
E：股骨骨折",knee/44.PNG,C
45,"请根据患者的影像学检查图片，回答问题，单选题，从中选择一个最佳答案，要求只输出选项，不输出解释：
根据影像学检查结果，请问该患者最可能的影像学诊断是：
A：腓骨骨折
B：膝骨关节炎
C：膝关节脱位 
D：股骨骨折
E：胫骨骨折",knee/45.PNG,B
46,"请根据患者的影像学检查图片，回答问题，单选题，从中选择一个最佳答案，要求只输出选项，不输出解释：
根据影像学检查结果，请问该患者最可能的影像学诊断是：
A：内侧半月板损伤
B：外侧半月板损伤
C：外侧副韧带损伤 
D：前交叉韧带断裂
E：内侧副韧带断裂",knee/46.PNG,D
47,"请根据患者的影像学检查图片，回答问题，单选题，从中选择一个最佳答案，要求只输出选项，不输出解释：
根据影像学检查结果，请问该患者最可能的影像学诊断是：
A：内侧副韧带断裂
B：内侧半月板损伤
C：外侧半月板损伤 
D：外侧副韧带损伤
E：前交叉韧带断裂",knee/47.PNG,C
48,"请根据患者的影像学检查图片，回答问题，单选题，从中选择一个最佳答案，要求只输出选项，不输出解释：
根据影像学检查结果，请问该患者最可能的影像学诊断是：
A：前交叉韧带断裂
B：内侧副韧带断裂
C：内侧半月板损伤 
D：外侧半月板损伤
E：后交叉韧带损伤",knee/48.PNG,E
49,"请根据患者的影像学检查图片，回答问题，单选题，从中选择一个最佳答案，要求只输出选项，不输出解释：
根据影像学检查结果，请问该患者最可能的影像学诊断是：
A：外侧副韧带损伤
B：前交叉韧带断裂
C：内侧副韧带断裂 
D：内侧半月板损伤
E：外侧半月板损伤",knee/49.PNG,B
50,"请根据患者的影像学检查图片，回答问题，单选题，从中选择一个最佳答案，要求只输出选项，不输出解释：
根据影像学检查结果，请问该患者最可能的影像学诊断是：
A：外侧半月板损伤
B：外侧副韧带损伤
C：前交叉韧带断裂 
D：内侧副韧带断裂
E：内侧半月板损伤",knee/50.PNG,A
51,"请根据患者的影像学检查图片，回答问题，单选题，从中选择一个最佳答案，要求只输出选项，不输出解释：
根据影像学检查结果，请问该患者最可能的影像学诊断是：
A：内侧半月板损伤
B：外侧半月板损伤
C：外侧副韧带损伤 
D：前交叉韧带断裂
E：内侧副韧带断裂",knee/51.BMP,B
52,"请根据患者的影像学检查图片，回答问题，单选题，从中选择一个最佳答案，要求只输出选项，不输出解释：
根据影像学检查结果，请问该患者最可能的影像学诊断是：
A：内侧副韧带断裂
B：内侧半月板损伤
C：外侧半月板损伤 
D：外侧副韧带损伤
E：前交叉韧带断裂",knee/52.PNG,E
53,"请根据患者的影像学检查图片，回答问题，单选题，从中选择一个最佳答案，要求只输出选项，不输出解释：
根据影像学检查结果，请问该患者最可能的影像学诊断是：
A：前交叉韧带断裂
B：内侧副韧带断裂
C：内侧半月板损伤 
D：外侧半月板损伤
E：后交叉韧带损伤",knee/53.PNG,E
54,"请根据患者的影像学检查图片，回答问题，单选题，从中选择一个最佳答案，要求只输出选项，不输出解释：
根据影像学检查结果，请问该患者最可能的影像学诊断是：
A：外侧副韧带损伤
B：前交叉韧带断裂
C：内侧副韧带断裂 
D：内侧半月板损伤
E：外侧半月板损伤",knee/54.PNG,B
55,"请根据患者的影像学检查图片，回答问题，单选题，从中选择一个最佳答案，要求只输出选项，不输出解释：
根据影像学检查结果，请问该患者最可能的影像学诊断是：
A：外侧半月板损伤
B：外侧副韧带损伤
C：前交叉韧带断裂 
D：内侧副韧带断裂
E：内侧半月板损伤",knee/55.PNG,E
56,"请根据患者的影像学检查图片，回答问题，单选题，从中选择一个最佳答案，要求只输出选项，不输出解释：
根据影像学检查结果，请问该患者最可能的影像学诊断是：
A：外侧半月板损伤
B：外侧副韧带损伤
C：前交叉韧带断裂 
D：内侧副韧带断裂
E：内侧半月板损伤",knee/56.PNG,C
57,"请根据患者的影像学检查图片，回答问题，单选题，从中选择一个最佳答案，要求只输出选项，不输出解释：
根据影像学检查结果，请问该患者最可能的影像学诊断是：
A：髋关节盂唇损伤
B：髋关节脱位
C：股骨头坏死 
D：髋关节发育不良
E：股骨颈骨折",hip/1.JPG,A
58,"请根据患者的影像学检查图片，回答问题，单选题，从中选择一个最佳答案，要求只输出选项，不输出解释：
根据影像学检查结果，请问该患者最可能的影像学诊断是：
A：股骨颈骨折
B：髋关节盂唇损伤
C：髋关节脱位 
D：股骨头坏死
E：髋关节发育不良",hip/2.JPG,B
59,"请根据患者的影像学检查图片，回答问题，单选题，从中选择一个最佳答案，要求只输出选项，不输出解释：
根据影像学检查结果，请问该患者最可能的影像学诊断是：
A：髋关节发育不良
B：股骨颈骨折
C：髋关节盂唇损伤 
D：髋关节脱位
E：股骨头坏死",hip/3.JPG,C
60,"请根据患者的影像学检查图片，回答问题，单选题，从中选择一个最佳答案，要求只输出选项，不输出解释：
根据影像学检查结果，请问该患者最可能的影像学诊断是：
A：股骨头坏死
B：髋关节发育不良
C：股骨颈骨折 
D：髋关节盂唇损伤
E：髋关节脱位",hip/4.JPG,D
61,"请根据患者的影像学检查图片，回答问题，单选题，从中选择一个最佳答案，要求只输出选项，不输出解释：
根据影像学检查结果，请问该患者最可能的影像学诊断是：
A：髋关节脱位
B：股骨头坏死
C：髋关节发育不良 
D：股骨颈骨折
E：髋关节盂唇损伤",hip/5.JPG,E
62,"请根据患者的影像学检查图片，回答问题，单选题，从中选择一个最佳答案，要求只输出选项，不输出解释：
根据影像学检查结果，请问该患者最可能的影像学诊断是：
A：髋关节盂唇损伤
B：髋关节脱位
C：股骨头坏死 
D：髋关节发育不良
E：股骨颈骨折",hip/6.JPG,A
63,"请根据患者的影像学检查图片，回答问题，单选题，从中选择一个最佳答案，要求只输出选项，不输出解释：
根据影像学检查结果，请问该患者最可能的影像学诊断是：
A：股骨颈骨折
B：髋关节盂唇损伤
C：髋关节脱位 
D：股骨头坏死
E：髋关节发育不良",hip/7.JPG,B
64,"请根据患者的影像学检查图片，回答问题，单选题，从中选择一个最佳答案，要求只输出选项，不输出解释：
根据影像学检查结果，请问该患者最可能的影像学诊断是：
A：髋关节发育不良
B：股骨颈骨折
C：髋关节盂唇损伤 
D：髋关节脱位
E：股骨头坏死",hip/8.JPG,C
65,"请根据患者的影像学检查图片，回答问题，单选题，从中选择一个最佳答案，要求只输出选项，不输出解释：
根据影像学检查结果，请问该患者最可能的影像学诊断是：
A：股骨头坏死
B：髋关节发育不良
C：股骨颈骨折 
D：髋关节盂唇损伤
E：髋关节脱位",hip/9.JPG,D
66,"请根据患者的影像学检查图片，回答问题，单选题，从中选择一个最佳答案，要求只输出选项，不输出解释：
根据影像学检查结果，请问该患者最可能的影像学诊断是：
A：髋关节脱位
B：股骨头坏死
C：髋关节发育不良 
D：股骨颈骨折
E：髋关节盂唇损伤",hip/10.JPG,E
67,"请根据患者的影像学检查图片，回答问题，单选题，从中选择一个最佳答案，要求只输出选项，不输出解释：
根据影像学检查结果，请问该患者最可能的影像学诊断是：
A：髋关节盂唇损伤
B：髋关节脱位
C：股骨头坏死 
D：髋关节发育不良
E：股骨颈骨折",hip/11.JPG,A
68,"请根据患者的影像学检查图片，回答问题，单选题，从中选择一个最佳答案，要求只输出选项，不输出解释：
根据影像学检查结果，请问该患者最可能的影像学诊断是：
A：股骨颈骨折
B：髋关节盂唇损伤
C：髋关节脱位 
D：股骨头坏死
E：髋关节发育不良",hip/12.JPG,B
69,"请根据患者的影像学检查图片，回答问题，单选题，从中选择一个最佳答案，要求只输出选项，不输出解释：
根据影像学检查结果，请问该患者最可能的影像学诊断是：
A：髋关节发育不良
B：股骨颈骨折
C：髋关节盂唇损伤 
D：髋关节脱位
E：股骨头坏死",hip/13.JPG,C
70,"请根据患者的影像学检查图片，回答问题，单选题，从中选择一个最佳答案，要求只输出选项，不输出解释：
根据影像学检查结果，请问该患者最可能的影像学诊断是：
A：股骨头坏死
B：髋关节发育不良
C：股骨颈骨折 
D：髋关节盂唇损伤
E：髋关节脱位",hip/14.JPG,D
71,"请根据患者的影像学检查图片，回答问题，单选题，从中选择一个最佳答案，要求只输出选项，不输出解释：
根据影像学检查结果，请问该患者最可能的影像学诊断是：
A：髋关节脱位
B：股骨头坏死
C：髋关节发育不良 
D：股骨颈骨折
E：髋关节盂唇损伤",hip/15.JPG,E
72,"请根据患者的影像学检查图片，回答问题，单选题，从中选择一个最佳答案，要求只输出选项，不输出解释：
根据影像学检查结果，请问该患者最可能的影像学诊断是：
A：髋关节盂唇损伤
B：髋关节脱位
C：股骨头坏死 
D：髋关节发育不良
E：股骨颈骨折",hip/16.JPG,A
73,"请根据患者的影像学检查图片，回答问题，单选题，从中选择一个最佳答案，要求只输出选项，不输出解释：
根据影像学检查结果，请问该患者最可能的影像学诊断是：
A：股骨干骨折
B：髋关节脱位
C：股骨头坏死 
D：髋关节发育不良
E：股骨颈骨折",hip/17.PNG,C
74,"请根据患者的影像学检查图片，回答问题，单选题，从中选择一个最佳答案，要求只输出选项，不输出解释：
根据影像学检查结果，请问该患者最可能的影像学诊断是：
A：股骨颈骨折
B：股骨干骨折
C：髋关节脱位 
D：股骨头坏死
E：髋关节发育不良",hip/18.PNG,D
75,"请根据患者的影像学检查图片，回答问题，单选题，从中选择一个最佳答案，要求只输出选项，不输出解释：
根据影像学检查结果，请问该患者最可能的影像学诊断是：
A：髋关节发育不良
B：股骨颈骨折
C：股骨干骨折 
D：髋关节脱位
E：股骨头坏死",hip/19.PNG,E
76,"请根据患者的影像学检查图片，回答问题，单选题，从中选择一个最佳答案，要求只输出选项，不输出解释：
根据影像学检查结果，请问该患者最可能的影像学诊断是：
A：股骨头坏死
B：髋关节发育不良
C：股骨颈骨折 
D：股骨干骨折
E：髋关节脱位",hip/20.PNG,A
77,"请根据患者的影像学检查图片，回答问题，单选题，从中选择一个最佳答案，要求只输出选项，不输出解释：
根据影像学检查结果，请问该患者最可能的影像学诊断是：
A：髋关节脱位
B：股骨头坏死
C：髋关节发育不良 
D：股骨颈骨折
E：股骨干骨折",hip/21.PNG,B
78,"请根据患者的影像学检查图片，回答问题，单选题，从中选择一个最佳答案，要求只输出选项，不输出解释：
根据影像学检查结果，请问该患者最可能的影像学诊断是：
A：股骨干骨折
B：髋关节脱位
C：股骨头坏死 
D：髋关节发育不良
E：股骨颈骨折",hip/22.PNG,C
79,"请根据患者的影像学检查图片，回答问题，单选题，从中选择一个最佳答案，要求只输出选项，不输出解释：
根据影像学检查结果，请问该患者最可能的影像学诊断是：
A：髋关节发育不良
B：股骨颈骨折
C：髋关节盂唇损伤 
D：髋关节脱位
E：股骨头坏死",hip/23.PNG,A
80,"请根据患者的影像学检查图片，回答问题，单选题，从中选择一个最佳答案，要求只输出选项，不输出解释：
根据影像学检查结果，请问该患者最可能的影像学诊断是：
A：股骨头坏死
B：髋关节发育不良
C：股骨颈骨折 
D：髋关节盂唇损伤
E：髋关节脱位",hip/24.PNG,B
81,"请根据患者的影像学检查图片，回答问题，单选题，从中选择一个最佳答案，要求只输出选项，不输出解释：
根据影像学检查结果，请问该患者最可能的影像学诊断是：
A：髋关节脱位
B：股骨头坏死
C：髋关节发育不良 
D：股骨颈骨折
E：髋关节盂唇损伤",hip/25.PNG,C
82,"请根据患者的影像学检查图片，回答问题，单选题，从中选择一个最佳答案，要求只输出选项，不输出解释：
根据影像学检查结果，请问该患者最可能的影像学诊断是：
A：髋关节盂唇损伤
B：髋关节脱位
C：股骨头坏死 
D：髋关节发育不良
E：股骨颈骨折",hip/26.PNG,D
83,"请根据患者的影像学检查图片，回答问题，单选题，从中选择一个最佳答案，要求只输出选项，不输出解释：
根据影像学检查结果，请问该患者最可能的影像学诊断是：
A：股骨颈骨折
B：髋关节盂唇损伤
C：髋关节脱位 
D：股骨头坏死
E：髋关节发育不良",hip/27.PNG,E
84,"请根据患者的影像学检查图片，回答问题，单选题，从中选择一个最佳答案，要求只输出选项，不输出解释：
根据影像学检查结果，请问该患者最可能的影像学诊断是：
A：髋骨关节炎
B：股骨颈骨折
C：髋关节盂唇损伤 
D：髋关节脱位
E：股骨头坏死",hip/28.PNG,A
85,"请根据患者的影像学检查图片，回答问题，单选题，从中选择一个最佳答案，要求只输出选项，不输出解释：
根据影像学检查结果，请问该患者最可能的影像学诊断是：
A：股骨颈骨折
B：股骨干骨折
C：髋关节脱位 
D：股骨头坏死
E：髋关节盂唇损伤",hip/29.PNG,D
86,"请根据患者的影像学检查图片，回答问题，单选题，从中选择一个最佳答案，要求只输出选项，不输出解释：
根据影像学检查结果，请问该患者最可能的影像学诊断是：
A：髋关节盂唇损伤
B：股骨颈骨折
C：股骨干骨折
D：髋关节脱位 
E：髋骨关节炎",hip/30.PNG,E
87,"请根据患者的影像学检查图片，回答问题，单选题，从中选择一个最佳答案，要求只输出选项，不输出解释：
根据影像学检查结果，请问该患者最可能的影像学诊断是：
A：股骨干骨折
B：股骨转子间骨折
C：股骨头坏死 
D：髋关节发育不良
E：股骨颈骨折",hip/31.PNG,C
88,"请根据患者的影像学检查图片，回答问题，单选题，从中选择一个最佳答案，要求只输出选项，不输出解释：
根据影像学检查结果，请问该患者最可能的影像学诊断是：
A：股骨颈骨折
B：股骨干骨折
C：股骨转子间骨折 
D：股骨头坏死
E：髋关节发育不良",hip/32.PNG,E
89,"请根据患者的影像学检查图片，回答问题，单选题，从中选择一个最佳答案，要求只输出选项，不输出解释：
根据影像学检查结果，请问该患者最可能的影像学诊断是：
A：髋关节发育不良
B：股骨颈骨折
C：股骨干骨折 
D：股骨转子间骨折
E：股骨头坏死",hip/33.JPG,B
90,"请根据患者的影像学检查图片，回答问题，单选题，从中选择一个最佳答案，要求只输出选项，不输出解释：
根据影像学检查结果，请问该患者最可能的影像学诊断是：
A：股骨头坏死
B：髋关节发育不良
C：股骨颈骨折 
D：股骨干骨折
E：股骨转子间骨折",hip/34.JPG,C
91,"请根据患者的影像学检查图片，回答问题，单选题，从中选择一个最佳答案，要求只输出选项，不输出解释：
根据影像学检查结果，请问该患者最可能的影像学诊断是：
A：髋关节脱位
B：股骨头坏死
C：髋关节发育不良 
D：股骨假体周围骨折
E：股骨干骨折",hip/35.JPG,D
92,"请根据患者的影像学检查图片，回答问题，单选题，从中选择一个最佳答案，要求只输出选项，不输出解释：
根据影像学检查结果，请问该患者最可能的影像学诊断是：
A：股骨干骨折
B：股骨转子间骨折
C：股骨头坏死 
D：髋关节发育不良
E：股骨颈骨折",hip/36.JPG,B
93,"请根据患者的影像学检查图片，回答问题，单选题，从中选择一个最佳答案，要求只输出选项，不输出解释：
根据影像学检查结果，请问该患者最可能的影像学诊断是：
A：股骨颈骨折
B：股骨干骨折
C：股骨转子间骨折 
D：股骨头坏死
E：髋关节发育不良",hip/37.JPG,C
94,"请根据患者的影像学检查图片，回答问题，单选题，从中选择一个最佳答案，要求只输出选项，不输出解释：
根据影像学检查结果，请问该患者最可能的影像学诊断是：
A：髋关节发育不良
B：股骨颈骨折
C：股骨干骨折 
D：股骨转子间骨折
E：股骨头坏死",hip/38.JPG,D
95,"请根据患者的影像学检查图片，回答问题，单选题，从中选择一个最佳答案，要求只输出选项，不输出解释：
根据影像学检查结果，请问该患者最可能的影像学诊断是：
A：股骨头坏死
B：髋关节发育不良
C：股骨颈骨折 
D：股骨干骨折
E：股骨转子间骨折",hip/39.JPG,D
96,"请根据患者的影像学检查图片，回答问题，单选题，从中选择一个最佳答案，要求只输出选项，不输出解释：
根据影像学检查结果，请问该患者最可能的影像学诊断是：
A：股骨转子间骨折
B：股骨头坏死
C：髋骨关节炎
D：股骨颈骨折
E：股骨干骨折",hip/40.JPG,C
97,"请根据患者的影像学检查图片，回答问题，单选题，从中选择一个最佳答案，要求只输出选项，不输出解释：
根据影像学检查结果，请问该患者最可能的影像学诊断是：
A：粘连性肩关节囊炎
B：锁骨骨折
C：肩关节脱位 
D：肩关节盂唇损伤
E：肩袖撕裂",shoulder/1.PNG,E
98,"请根据患者的影像学检查图片，回答问题，单选题，从中选择一个最佳答案，要求只输出选项，不输出解释：
根据影像学检查结果，请问该患者最可能的影像学诊断是：
A：肩袖撕裂
B：粘连性肩关节囊炎
C：锁骨骨折 
D：肩关节脱位
E：肩关节盂唇损伤",shoulder/2.PNG,A
99,"请根据患者的影像学检查图片，回答问题，单选题，从中选择一个最佳答案，要求只输出选项，不输出解释：
根据影像学检查结果，请问该患者最可能的影像学诊断是：
A：肩关节盂唇损伤
B：肩袖撕裂
C：粘连性肩关节囊炎 
D：锁骨骨折
E：肩关节脱位",shoulder/3.PNG,B
100,"请根据患者的影像学检查图片，回答问题，单选题，从中选择一个最佳答案，要求只输出选项，不输出解释：
根据影像学检查结果，请问该患者最可能的影像学诊断是：
A：肩关节脱位
B：肩关节盂唇损伤
C：肩袖撕裂 
D：粘连性肩关节囊炎
E：锁骨骨折",shoulder/4.PNG,C
101,"请根据患者的影像学检查图片，回答问题，单选题，从中选择一个最佳答案，要求只输出选项，不输出解释：
根据影像学检查结果，请问该患者最可能的影像学诊断是：
A：锁骨骨折
B：肩关节脱位
C：肩关节盂唇损伤 
D：肩袖撕裂
E：粘连性肩关节囊炎",shoulder/5.PNG,D
102,"请根据患者的影像学检查图片，回答问题，单选题，从中选择一个最佳答案，要求只输出选项，不输出解释：
根据影像学检查结果，请问该患者最可能的影像学诊断是：
A：粘连性肩关节囊炎
B：锁骨骨折
C：肩关节脱位 
D：肩关节盂唇损伤
E：肩袖撕裂",shoulder/6.PNG,E
103,"请根据患者的影像学检查图片，回答问题，单选题，从中选择一个最佳答案，要求只输出选项，不输出解释：
根据影像学检查结果，请问该患者最可能的影像学诊断是：
A：肩袖撕裂
B：粘连性肩关节囊炎
C：锁骨骨折 
D：肩关节脱位
E：肩关节盂唇损伤",shoulder/7.PNG,A
104,"请根据患者的影像学检查图片，回答问题，单选题，从中选择一个最佳答案，要求只输出选项，不输出解释：
根据影像学检查结果，请问该患者最可能的影像学诊断是：
A：肩关节盂唇损伤
B：肩袖撕裂
C：粘连性肩关节囊炎 
D：锁骨骨折
E：肩关节脱位",shoulder/8.JPG,B
105,"请根据患者的影像学检查图片，回答问题，单选题，从中选择一个最佳答案，要求只输出选项，不输出解释：
根据影像学检查结果，请问该患者最可能的影像学诊断是：
A：肩关节脱位
B：肩关节盂唇损伤
C：肩袖撕裂 
D：粘连性肩关节囊炎
E：锁骨骨折",shoulder/9.JPG,C
106,"请根据患者的影像学检查图片，回答问题，单选题，从中选择一个最佳答案，要求只输出选项，不输出解释：
根据影像学检查结果，请问该患者最可能的影像学诊断是：
A：锁骨骨折
B：肩关节脱位
C：肩关节盂唇损伤 
D：肩袖撕裂
E：粘连性肩关节囊炎",shoulder/10.JPG,D
107,"请根据患者的影像学检查图片，回答问题，单选题，从中选择一个最佳答案，要求只输出选项，不输出解释：
根据影像学检查结果，请问该患者最可能的影像学诊断是：
A：粘连性肩关节囊炎
B：锁骨骨折
C：肩关节脱位 
D：肩关节盂唇损伤
E：肩袖撕裂",shoulder/11.PNG,E
108,"请根据患者的影像学检查图片，回答问题，单选题，从中选择一个最佳答案，要求只输出选项，不输出解释：
根据影像学检查结果，请问该患者最可能的影像学诊断是：
A：肩袖撕裂
B：粘连性肩关节囊炎
C：锁骨骨折 
D：肩关节脱位
E：肩关节盂唇损伤",shoulder/12.PNG,A
109,"请根据患者的影像学检查图片，回答问题，单选题，从中选择一个最佳答案，要求只输出选项，不输出解释：
根据影像学检查结果，请问该患者最可能的影像学诊断是：
A：肩关节盂唇损伤
B：肩袖撕裂
C：粘连性肩关节囊炎 
D：锁骨骨折
E：肩关节脱位",shoulder/13.PNG,E
110,"请根据患者的影像学检查图片，回答问题，单选题，从中选择一个最佳答案，要求只输出选项，不输出解释：
根据影像学检查结果，请问该患者最可能的影像学诊断是：
A：肩关节脱位
B：肩关节盂唇损伤
C：肩袖撕裂 
D：粘连性肩关节囊炎
E：锁骨骨折",shoulder/14.PNG,A
111,"请根据患者的影像学检查图片，回答问题，单选题，从中选择一个最佳答案，要求只输出选项，不输出解释：
根据影像学检查结果，请问该患者最可能的影像学诊断是：
A：锁骨骨折
B：肩关节脱位
C：肩关节盂唇损伤 
D：肩袖撕裂
E：粘连性肩关节囊炎",shoulder/15.JPG,B
112,"请根据患者的影像学检查图片，回答问题，单选题，从中选择一个最佳答案，要求只输出选项，不输出解释：
根据影像学检查结果，请问该患者最可能的影像学诊断是：
A：粘连性肩关节囊炎
B：锁骨骨折
C：肩关节脱位 
D：肩关节盂唇损伤
E：肩袖撕裂",shoulder/16.JPG,C
113,"请根据患者的影像学检查图片，回答问题，单选题，从中选择一个最佳答案，要求只输出选项，不输出解释：
根据影像学检查结果，请问该患者最可能的影像学诊断是：
A：肩袖撕裂
B：粘连性肩关节囊炎
C：锁骨骨折 
D：肩关节脱位
E：肩关节盂唇损伤",shoulder/17.JPG,D
114,"请根据患者的影像学检查图片，回答问题，单选题，从中选择一个最佳答案，要求只输出选项，不输出解释：
根据影像学检查结果，请问该患者最可能的影像学诊断是：
A：肩关节盂唇损伤
B：肩袖撕裂
C：粘连性肩关节囊炎 
D：锁骨骨折
E：肩关节脱位",shoulder/18.JPG,E
115,"请根据患者的影像学检查图片，回答问题，单选题，从中选择一个最佳答案，要求只输出选项，不输出解释：
根据影像学检查结果，请问该患者最可能的影像学诊断是：
A：肩关节脱位
B：肩关节盂唇损伤
C：肩袖撕裂 
D：粘连性肩关节囊炎
E：锁骨骨折",shoulder/19.JPG,A
116,"请根据患者的影像学检查图片，回答问题，单选题，从中选择一个最佳答案，要求只输出选项，不输出解释：
根据影像学检查结果，请问该患者最可能的影像学诊断是：
A：锁骨骨折
B：肩关节脱位
C：肩关节盂唇损伤 
D：肩袖撕裂
E：粘连性肩关节囊炎",shoulder/20.JPG,B
117,"请根据患者的影像学检查图片，回答问题，单选题，从中选择一个最佳答案，要求只输出选项，不输出解释：
根据影像学检查结果，请问该患者最可能的影像学诊断是：
A：粘连性肩关节囊炎
B：锁骨骨折
C：肩关节脱位 
D：肩关节盂唇损伤
E：肩袖撕裂",shoulder/21.JPG,C
118,"请根据患者的影像学检查图片，回答问题，单选题，从中选择一个最佳答案，要求只输出选项，不输出解释：
根据影像学检查结果，请问该患者最可能的影像学诊断是：
A：肩袖撕裂
B：粘连性肩关节囊炎
C：锁骨骨折 
D：肩关节脱位
E：肩关节盂唇损伤",shoulder/22.JPG,D
119,"请根据患者的影像学检查图片，回答问题，单选题，从中选择一个最佳答案，要求只输出选项，不输出解释：
根据影像学检查结果，请问该患者最可能的影像学诊断是：
A：肩关节盂唇损伤
B：肩袖撕裂
C：粘连性肩关节囊炎 
D：锁骨骨折
E：肩关节脱位",shoulder/23.JPG,C
120,"请根据患者的影像学检查图片，回答问题，单选题，从中选择一个最佳答案，要求只输出选项，不输出解释：
根据影像学检查结果，请问该患者最可能的影像学诊断是：
A：肩关节脱位
B：肩关节盂唇损伤
C：肩袖撕裂 
D：粘连性肩关节囊炎
E：锁骨骨折",shoulder/24.JPG,D
121,"请根据患者的影像学检查图片，回答问题，单选题，从中选择一个最佳答案，要求只输出选项，不输出解释：
根据影像学检查结果，请问该患者最可能的影像学诊断是：
A：锁骨骨折
B：肩关节脱位
C：肩关节盂唇损伤 
D：肩袖撕裂
E：粘连性肩关节囊炎",shoulder/25.JPG,E
122,"请根据患者的影像学检查图片，回答问题，单选题，从中选择一个最佳答案，要求只输出选项，不输出解释：
根据影像学检查结果，请问该患者最可能的影像学诊断是：
A：粘连性肩关节囊炎
B：锁骨骨折
C：肩关节脱位 
D：肩关节盂唇损伤
E：肩袖撕裂",shoulder/26.JPG,A
123,"请根据患者的影像学检查图片，回答问题，单选题，从中选择一个最佳答案，要求只输出选项，不输出解释：
根据影像学检查结果，请问该患者最可能的影像学诊断是：
A：肱骨骨折
B：粘连性肩关节囊炎
C：锁骨骨折 
D：肩关节脱位
E：肩关节盂唇损伤",shoulder/27.JPG,B
124,"请根据患者的影像学检查图片，回答问题，单选题，从中选择一个最佳答案，要求只输出选项，不输出解释：
根据影像学检查结果，请问该患者最可能的影像学诊断是：
A：肩关节盂唇损伤
B：肩袖撕裂
C：粘连性肩关节囊炎 
D：锁骨骨折
E：肩关节脱位",shoulder/28.PNG,A
125,"请根据患者的影像学检查图片，回答问题，单选题，从中选择一个最佳答案，要求只输出选项，不输出解释：
根据影像学检查结果，请问该患者最可能的影像学诊断是：
A：肩关节脱位
B：肩关节盂唇损伤
C：肩袖撕裂 
D：粘连性肩关节囊炎
E：锁骨骨折",shoulder/29.JPG,B
126,"请根据患者的影像学检查图片，回答问题，单选题，从中选择一个最佳答案，要求只输出选项，不输出解释：
根据影像学检查结果，请问该患者最可能的影像学诊断是：
A：锁骨骨折
B：肩关节脱位
C：肩关节盂唇损伤 
D：肩袖撕裂
E：粘连性肩关节囊炎",shoulder/30.JPG,C
127,"请根据患者的影像学检查图片，回答问题，单选题，从中选择一个最佳答案，要求只输出选项，不输出解释：
根据影像学检查结果，请问该患者最可能的影像学诊断是：
A：粘连性肩关节囊炎
B：锁骨骨折
C：肩关节脱位 
D：肩关节盂唇损伤
E：肩袖撕裂",shoulder/31.JPG,D
128,"请根据患者的影像学检查图片，回答问题，单选题，从中选择一个最佳答案，要求只输出选项，不输出解释：
根据影像学检查结果，请问该患者最可能的影像学诊断是：
A：肩袖撕裂
B：粘连性肩关节囊炎
C：锁骨骨折 
D：肩关节脱位
E：肩关节盂唇损伤",shoulder/32.JPG,E
129,"请根据患者的影像学检查图片，回答问题，单选题，从中选择一个最佳答案，要求只输出选项，不输出解释：
根据影像学检查结果，请问该患者最可能的影像学诊断是：
A：距腓前韧带损伤
B：三角韧带损伤
C：距骨骨软骨损伤 
D：踝管综合征
E：跟腱断裂",ankle/1.JPG,A
130,"请根据患者的影像学检查图片，回答问题，单选题，从中选择一个最佳答案，要求只输出选项，不输出解释：
根据影像学检查结果，请问该患者最可能的影像学诊断是：
A：三角韧带损伤
B：距骨骨软骨损伤
C：踝管综合征 
D：跟腱断裂
E：距腓前韧带损伤",ankle/2.JPG,E
131,"请根据患者的影像学检查图片，回答问题，单选题，从中选择一个最佳答案，要求只输出选项，不输出解释：
根据影像学检查结果，请问该患者最可能的影像学诊断是：
A：距骨骨软骨损伤
B：踝管综合征
C：跟腱断裂 
D：距腓前韧带损伤
E：三角韧带损伤",ankle/3.JPG,D
132,"请根据患者的影像学检查图片，回答问题，单选题，从中选择一个最佳答案，要求只输出选项，不输出解释：
根据影像学检查结果，请问该患者最可能的影像学诊断是：
A：踝管综合征
B：跟腱断裂
C：距腓前韧带损伤 
D：三角韧带损伤
E：距骨骨软骨损伤",ankle/4.JPG,C
133,"请根据患者的影像学检查图片，回答问题，单选题，从中选择一个最佳答案，要求只输出选项，不输出解释：
根据影像学检查结果，请问该患者最可能的影像学诊断是：
A：跟腱断裂
B：距腓前韧带损伤
C：三角韧带损伤 
D：距骨骨软骨损伤
E：踝管综合征",ankle/5.JPG,B
134,"请根据患者的影像学检查图片，回答问题，单选题，从中选择一个最佳答案，要求只输出选项，不输出解释：
根据影像学检查结果，请问该患者最可能的影像学诊断是：
A：距腓前韧带损伤
B：三角韧带损伤
C：距骨骨软骨损伤 
D：踝管综合征
E：跟腱断裂",ankle/6.JPG,A
135,"请根据患者的影像学检查图片，回答问题，单选题，从中选择一个最佳答案，要求只输出选项，不输出解释：
根据影像学检查结果，请问该患者最可能的影像学诊断是：
A：三角韧带损伤
B：距骨骨软骨损伤
C：踝管综合征 
D：跟腱断裂
E：距腓前韧带损伤",ankle/7.JPG,E
136,"请根据患者的影像学检查图片，回答问题，单选题，从中选择一个最佳答案，要求只输出选项，不输出解释：
根据影像学检查结果，请问该患者最可能的影像学诊断是：
A：距骨骨软骨损伤
B：踝管综合征
C：跟腱断裂 
D：距腓前韧带损伤
E：三角韧带损伤",ankle/8.JPG,D
137,"请根据患者的影像学检查图片，回答问题，单选题，从中选择一个最佳答案，要求只输出选项，不输出解释：
根据影像学检查结果，请问该患者最可能的影像学诊断是：
A：踝管综合征
B：跟腱断裂
C：距腓前韧带损伤 
D：三角韧带损伤
E：距骨骨软骨损伤",ankle/9.JPG,C
138,"请根据患者的影像学检查图片，回答问题，单选题，从中选择一个最佳答案，要求只输出选项，不输出解释：
根据影像学检查结果，请问该患者最可能的影像学诊断是：
A：跟腱断裂
B：距腓前韧带损伤
C：三角韧带损伤 
D：距骨骨软骨损伤
E：踝管综合征",ankle/10.JPG,B
139,"请根据患者的影像学检查图片，回答问题，单选题，从中选择一个最佳答案，要求只输出选项，不输出解释：
根据影像学检查结果，请问该患者最可能的影像学诊断是：
A：距腓前韧带损伤
B：外踝骨折
C：距骨骨软骨损伤 
D：踝管综合征
E：跟腱断裂",ankle/11.JPG,C
140,"请根据患者的影像学检查图片，回答问题，单选题，从中选择一个最佳答案，要求只输出选项，不输出解释：
根据影像学检查结果，请问该患者最可能的影像学诊断是：
A：三角韧带损伤
B：距骨骨软骨损伤
C：踝管综合征 
D：跟腱断裂
E：距腓前韧带损伤",ankle/12.JPG,A
141,"请根据患者的影像学检查图片，回答问题，单选题，从中选择一个最佳答案，要求只输出选项，不输出解释：
根据影像学检查结果，请问该患者最可能的影像学诊断是：
A：距骨骨软骨损伤
B：踝管综合征
C：跟腱断裂 
D：距腓前韧带损伤
E：三角韧带损伤",ankle/13.JPG,E
142,"请根据患者的影像学检查图片，回答问题，单选题，从中选择一个最佳答案，要求只输出选项，不输出解释：
根据影像学检查结果，请问该患者最可能的影像学诊断是：
A：踝管综合征
B：跟腱断裂
C：距腓前韧带损伤 
D：踝骨关节炎
E：距骨骨软骨损伤",ankle/14.JPG,D
143,"请根据患者的影像学检查图片，回答问题，单选题，从中选择一个最佳答案，要求只输出选项，不输出解释：
根据影像学检查结果，请问该患者最可能的影像学诊断是：
A：跟腱断裂
B：后踝骨折
C：三角韧带损伤 
D：距骨骨软骨损伤
E：踝管综合征",ankle/15.JPG,C
144,"请根据患者的影像学检查图片，回答问题，单选题，从中选择一个最佳答案，要求只输出选项，不输出解释：
根据影像学检查结果，请问该患者最可能的影像学诊断是：
A：距腓前韧带损伤
B：三角韧带损伤
C：距骨骨软骨损伤 
D：踝管综合征
E：跟腱断裂",ankle/16.JPG,C
145,"请根据患者的影像学检查图片，回答问题，单选题，从中选择一个最佳答案，要求只输出选项，不输出解释：
根据影像学检查结果，请问该患者最可能的影像学诊断是：
A：三角韧带损伤
B：距骨骨软骨损伤
C：踝管综合征 
D：跟腱断裂
E：距腓前韧带损伤",ankle/17.JPG,B
146,"请根据患者的影像学检查图片，回答问题，单选题，从中选择一个最佳答案，要求只输出选项，不输出解释：
根据影像学检查结果，请问该患者最可能的影像学诊断是：
A：距骨骨软骨损伤
B：踝管综合征
C：跟腱断裂 
D：距腓前韧带损伤
E：三角韧带损伤",ankle/18.JPG,A
147,"请根据患者的影像学检查图片，回答问题，单选题，从中选择一个最佳答案，要求只输出选项，不输出解释：
根据影像学检查结果，请问该患者最可能的影像学诊断是：
A：踝管综合征
B：跟腱断裂
C：距腓前韧带损伤 
D：三角韧带损伤
E：距骨骨软骨损伤",ankle/19.JPG,E
148,"请根据患者的影像学检查图片，回答问题，单选题，从中选择一个最佳答案，要求只输出选项，不输出解释：
根据影像学检查结果，请问该患者最可能的影像学诊断是：
A：跟腱断裂
B：距腓前韧带损伤
C：三角韧带损伤 
D：距骨骨软骨损伤
E：踝管综合征",ankle/20.JPG,D
149,"请根据患者的影像学检查图片，回答问题，单选题，从中选择一个最佳答案，要求只输出选项，不输出解释：
根据影像学检查结果，请问该患者最可能的影像学诊断是：
A：距腓前韧带损伤
B：三角韧带损伤
C：距骨骨软骨损伤 
D：踝管综合征
E：跟腱断裂",ankle/21.JPG,E
150,"请根据患者的影像学检查图片，回答问题，单选题，从中选择一个最佳答案，要求只输出选项，不输出解释：
根据影像学检查结果，请问该患者最可能的影像学诊断是：
A：三角韧带损伤
B：距骨骨软骨损伤
C：踝管综合征 
D：跟腱断裂
E：距腓前韧带损伤",ankle/22.JPG,D
151,"请根据患者的影像学检查图片，回答问题，单选题，从中选择一个最佳答案，要求只输出选项，不输出解释：
根据影像学检查结果，请问该患者最可能的影像学诊断是：
A：距骨骨软骨损伤
B：踝管综合征
C：跟腱断裂 
D：距腓前韧带损伤
E：三角韧带损伤",ankle/23.JPG,C
152,"请根据患者的影像学检查图片，回答问题，单选题，从中选择一个最佳答案，要求只输出选项，不输出解释：
根据影像学检查结果，请问该患者最可能的影像学诊断是：
A：踝管综合征
B：跟腱断裂
C：距腓前韧带损伤 
D：三角韧带损伤
E：距骨骨软骨损伤",ankle/24.JPG,B
153,"请根据患者的影像学检查图片，回答问题，单选题，从中选择一个最佳答案，要求只输出选项，不输出解释：
根据影像学检查结果，请问该患者最可能的影像学诊断是：
A：跟腱断裂
B：距腓前韧带损伤
C：三角韧带损伤 
D：距骨骨软骨损伤
E：踝管综合征",ankle/25.JPG,A
154,"请根据患者的影像学检查图片，回答问题，单选题，从中选择一个最佳答案，要求只输出选项，不输出解释：
根据影像学检查结果，请问该患者最可能的影像学诊断是：
A：股骨颈骨折
B：胫腓骨骨折
C：股骨干骨折 
D：跖骨骨折
E：外踝骨折",ankle/26.JPG,B
155,"请根据患者的影像学检查图片，回答问题，单选题，从中选择一个最佳答案，要求只输出选项，不输出解释：
根据影像学检查结果，请问该患者最可能的影像学诊断是：
A：外踝骨折
B：股骨颈骨折
C：胫腓骨骨折 
D：股骨干骨折
E：跖骨骨折",ankle/27.JPG,C
156,"请根据患者的影像学检查图片，回答问题，单选题，从中选择一个最佳答案，要求只输出选项，不输出解释：
根据影像学检查结果，请问该患者最可能的影像学诊断是：
A：跖骨骨折
B：外踝骨折
C：股骨颈骨折 
D：胫腓骨骨折
E：股骨干骨折",ankle/28.JPG,A
157,"请根据患者的影像学检查图片，回答问题，单选题，从中选择一个最佳答案，要求只输出选项，不输出解释：
根据影像学检查结果，请问该患者最可能的影像学诊断是：
A：股骨干骨折
B：跖骨骨折
C：外踝骨折 
D：股骨颈骨折
E：胫腓骨骨折",ankle/29.JPG,B
158,"请根据患者的影像学检查图片，回答问题，单选题，从中选择一个最佳答案，要求只输出选项，不输出解释：
根据影像学检查结果，请问该患者最可能的影像学诊断是：
A：胫腓骨骨折
B：股骨干骨折
C：跖骨骨折 
D：外踝骨折
E：股骨颈骨折",ankle/30.JPG,D
159,"请根据患者的影像学检查图片，回答问题，单选题，从中选择一个最佳答案，要求只输出选项，不输出解释：
根据影像学检查结果，请问该患者最可能的影像学诊断是：
A：肘关节脱位
B：肱骨外上髁炎
C：桡骨小头半脱位 
D：肘管综合征
E：肘关节骨折",elbow/1.JPG,B
160,"请根据患者的影像学检查图片，回答问题，单选题，从中选择一个最佳答案，要求只输出选项，不输出解释：
根据影像学检查结果，请问该患者最可能的影像学诊断是：
A：肘关节骨折
B：肘关节脱位
C：肱骨外上髁炎 
D：桡骨小头半脱位
E：肘管综合征",elbow/2.JPG,C
161,"请根据患者的影像学检查图片，回答问题，单选题，从中选择一个最佳答案，要求只输出选项，不输出解释：
根据影像学检查结果，请问该患者最可能的影像学诊断是：
A：肘管综合征
B：肘关节骨折
C：肘关节脱位 
D：肱骨外上髁炎
E：桡骨小头半脱位",elbow/3.JPG,D
162,"请根据患者的影像学检查图片，回答问题，单选题，从中选择一个最佳答案，要求只输出选项，不输出解释：
根据影像学检查结果，请问该患者最可能的影像学诊断是：
A：桡骨小头半脱位
B：肘管综合征
C：肘关节骨折 
D：肘关节脱位
E：肱骨外上髁炎",elbow/4.JPG,E
163,"请根据患者的影像学检查图片，回答问题，单选题，从中选择一个最佳答案，要求只输出选项，不输出解释：
根据影像学检查结果，请问该患者最可能的影像学诊断是：
A：肱骨外上髁炎
B：桡骨小头半脱位
C：肘管综合征 
D：肘关节骨折
E：肘关节脱位",elbow/5.JPG,A
164,"请根据患者的影像学检查图片，回答问题，单选题，从中选择一个最佳答案，要求只输出选项，不输出解释：
根据影像学检查结果，请问该患者最可能的影像学诊断是：
A：肘关节脱位
B：肱骨外上髁炎
C：桡骨小头半脱位 
D：肘管综合征
E：肘关节骨折",elbow/6.JPG,B
165,"请根据患者的影像学检查图片，回答问题，单选题，从中选择一个最佳答案，要求只输出选项，不输出解释：
根据影像学检查结果，请问该患者最可能的影像学诊断是：
A：肘关节骨折
B：肘关节脱位
C：肱骨外上髁炎 
D：桡骨小头半脱位
E：肘管综合征",elbow/7.JPG,C
166,"请根据患者的影像学检查图片，回答问题，单选题，从中选择一个最佳答案，要求只输出选项，不输出解释：
根据影像学检查结果，请问该患者最可能的影像学诊断是：
A：肘管综合征
B：肘关节骨折
C：肘关节脱位 
D：肱骨外上髁炎
E：桡骨小头半脱位",elbow/8.JPG,D
167,"请根据患者的影像学检查图片，回答问题，单选题，从中选择一个最佳答案，要求只输出选项，不输出解释：
根据影像学检查结果，请问该患者最可能的影像学诊断是：
A：桡骨小头半脱位
B：肘管综合征
C：肘关节骨折 
D：肘关节脱位
E：肱骨外上髁炎",elbow/9.JPG,E
168,"请根据患者的影像学检查图片，回答问题，单选题，从中选择一个最佳答案，要求只输出选项，不输出解释：
根据影像学检查结果，请问该患者最可能的影像学诊断是：
A：肱骨外上髁炎
B：桡骨小头半脱位
C：肘管综合征 
D：肘关节骨折
E：肘关节脱位",elbow/10.JPG,A
169,"请根据患者的影像学检查图片，回答问题，单选题，从中选择一个最佳答案，要求只输出选项，不输出解释：
根据影像学检查结果，请问该患者最可能的影像学诊断是：
A：肘关节脱位
B：肱骨外上髁炎
C：桡骨小头半脱位 
D：肘管综合征
E：肘关节骨折术后",elbow/11.PNG,E
170,"请根据患者的影像学检查图片，回答问题，单选题，从中选择一个最佳答案，要求只输出选项，不输出解释：
根据影像学检查结果，请问该患者最可能的影像学诊断是：
A：肘关节骨折
B：肘关节脱位
C：肱骨外上髁炎 
D：桡骨小头半脱位
E：类风湿性关节炎",elbow/12.JPG,E
171,"请根据患者的影像学检查图片，回答问题，单选题，从中选择一个最佳答案，要求只输出选项，不输出解释：
根据影像学检查结果，请问该患者最可能的影像学诊断是：
A：肘管综合征
B：肘关节骨折
C：肘关节脱位 
D：肱骨外上髁炎
E：桡骨小头半脱位",elbow/13.PNG,C
172,"请根据患者的影像学检查图片，回答问题，单选题，从中选择一个最佳答案，要求只输出选项，不输出解释：
根据影像学检查结果，请问该患者最可能的影像学诊断是：
A：桡骨小头半脱位
B：肘管综合征
C：肘关节骨折 
D：肘关节脱位
E：肘骨关节炎",elbow/14.PNG,E
173,"请根据患者的影像学检查图片，回答问题，单选题，从中选择一个最佳答案，要求只输出选项，不输出解释：
根据影像学检查结果，请问该患者最可能的影像学诊断是：
A：肘骨关节炎
B：桡骨小头半脱位
C：肘管综合征 
D：肘关节骨折
E：肘关节脱位",elbow/15.JPG,A
174,"请根据患者的影像学检查图片，回答问题，单选题，从中选择一个最佳答案，要求只输出选项，不输出解释：
根据影像学检查结果，请问该患者最可能的影像学诊断是：
A：肘管综合征
B：肘关节骨折
C：肘关节脱位 
D：肱骨外上髁炎
E：桡骨小头半脱位",elbow/16.JPG,E
175,"请根据患者的影像学检查图片，回答问题，单选题，从中选择一个最佳答案，要求只输出选项，不输出解释：
根据影像学检查结果，请问该患者最可能的影像学诊断是：
A：桡骨小头半脱位
B：肘管综合征
C：肘关节骨折 
D：肘关节脱位
E：肘骨关节炎",elbow/17.JPG,A
176,"请根据患者的影像学检查图片，回答问题，单选题，从中选择一个最佳答案，要求只输出选项，不输出解释：
根据影像学检查结果，请问该患者最可能的影像学诊断是：
A：肘骨关节炎
B：桡骨小头半脱位
C：肘管综合征 
D：肘关节骨折
E：肘关节脱位",elbow/18.JPG,B
177,"请根据患者的影像学检查图片，回答问题，单选题，从中选择一个最佳答案，要求只输出选项，不输出解释：
根据影像学检查结果，请问该患者最可能的影像学诊断是：
A：冠突骨折
B：肱骨干骨折
C：尺骨鹰嘴骨折 
D：肱骨小头滑车骨折
E：桡骨干骨折",elbow/19.JPG,A
178,"请根据患者的影像学检查图片，回答问题，单选题，从中选择一个最佳答案，要求只输出选项，不输出解释：
根据影像学检查结果，请问该患者最可能的影像学诊断是：
A：桡骨干骨折
B：冠突骨折
C：肱骨干骨折 
D：尺骨鹰嘴骨折
E：肱骨小头滑车骨折",elbow/20.JPG,D
179,"请根据患者的影像学检查图片，回答问题，单选题，从中选择一个最佳答案，要求只输出选项，不输出解释：
根据影像学检查结果，请问该患者最可能的影像学诊断是：
A：肱骨小头滑车骨折
B：桡骨干骨折
C：冠突骨折 
D：肱骨干骨折
E：尺骨鹰嘴骨折",elbow/21.JPG,E
180,"请根据患者的影像学检查图片，回答问题，单选题，从中选择一个最佳答案，要求只输出选项，不输出解释：
根据影像学检查结果，请问该患者最可能的影像学诊断是：
A：尺骨鹰嘴骨折
B：肱骨小头滑车骨折
C：桡骨干骨折 
D：冠突骨折
E：肱骨干骨折",elbow/22.JPG,B
181,"请根据患者的影像学检查图片，回答问题，单选题，从中选择一个最佳答案，要求只输出选项，不输出解释：
根据影像学检查结果，请问该患者最可能的影像学诊断是：
A：肱骨干骨折
B：尺骨鹰嘴骨折
C：肱骨小头滑车骨折 
D：桡骨干骨折
E：冠突骨折",elbow/23.JPG,C
182,"请根据患者的影像学检查图片，回答问题，单选题，从中选择一个最佳答案，要求只输出选项，不输出解释：
根据影像学检查结果，请问该患者最可能的影像学诊断是：
A：三角纤维软骨复合体损伤
B：桡骨远端骨折
C：狭窄性腱鞘炎 
D：掌骨骨折
E：腕管综合征",wrist/1.JPG,A
183,"请根据患者的影像学检查图片，回答问题，单选题，从中选择一个最佳答案，要求只输出选项，不输出解释：
根据影像学检查结果，请问该患者最可能的影像学诊断是：
A：腕管综合征
B：三角纤维软骨复合体损伤
C：桡骨远端骨折 
D：狭窄性腱鞘炎
E：掌骨骨折",wrist/2.JPG,B
184,"请根据患者的影像学检查图片，回答问题，单选题，从中选择一个最佳答案，要求只输出选项，不输出解释：
根据影像学检查结果，请问该患者最可能的影像学诊断是：
A：掌骨骨折
B：腕管综合征
C：三角纤维软骨复合体损伤 
D：桡骨远端骨折
E：狭窄性腱鞘炎",wrist/3.JPG,D
185,"请根据患者的影像学检查图片，回答问题，单选题，从中选择一个最佳答案，要求只输出选项，不输出解释：
根据影像学检查结果，请问该患者最可能的影像学诊断是：
A：狭窄性腱鞘炎
B：掌骨骨折
C：腕管综合征 
D：三角纤维软骨复合体损伤
E：桡骨远端骨折",wrist/4.JPG,E
186,"请根据患者的影像学检查图片，回答问题，单选题，从中选择一个最佳答案，要求只输出选项，不输出解释：
根据影像学检查结果，请问该患者最可能的影像学诊断是：
A：桡骨远端骨折
B：狭窄性腱鞘炎
C：掌骨骨折 
D：腕管综合征
E：三角纤维软骨复合体损伤",wrist/5.JPG,C
187,"请根据患者的影像学检查图片，回答问题，单选题，从中选择一个最佳答案，要求只输出选项，不输出解释：
根据影像学检查结果，请问该患者最可能的影像学诊断是：
A：三角纤维软骨复合体损伤
B：桡骨远端骨折
C：狭窄性腱鞘炎 
D：掌骨骨折
E：腕管综合征",wrist/6.JPG,E
188,"请根据患者的影像学检查图片，回答问题，单选题，从中选择一个最佳答案，要求只输出选项，不输出解释：
根据影像学检查结果，请问该患者最可能的影像学诊断是：
A：腕管综合征
B：三角纤维软骨复合体损伤
C：桡骨远端骨折 
D：狭窄性腱鞘炎
E：掌骨骨折",wrist/7.JPG,A
189,"请根据患者的影像学检查图片，回答问题，单选题，从中选择一个最佳答案，要求只输出选项，不输出解释：
根据影像学检查结果，请问该患者最可能的影像学诊断是：
A：掌骨骨折
B：腕管综合征
C：三角纤维软骨复合体损伤 
D：桡骨远端骨折
E：腱鞘囊肿",wrist/8.JPG,E
190,"请根据患者的影像学检查图片，回答问题，单选题，从中选择一个最佳答案，要求只输出选项，不输出解释：
根据影像学检查结果，请问该患者最可能的影像学诊断是：
A：狭窄性腱鞘炎
B：掌骨骨折
C：腕管综合征 
D：三角纤维软骨复合体损伤
E：桡骨远端骨折",wrist/9.JPG,A
191,"请根据患者的影像学检查图片，回答问题，单选题，从中选择一个最佳答案，要求只输出选项，不输出解释：
根据影像学检查结果，请问该患者最可能的影像学诊断是：
A：桡骨远端骨折
B：狭窄性腱鞘炎
C：掌骨骨折 
D：腕管综合征
E：三角纤维软骨复合体损伤",wrist/10.JPG,B
192,"请根据患者的影像学检查图片，回答问题，单选题，从中选择一个最佳答案，要求只输出选项，不输出解释：
根据影像学检查结果，请问该患者最可能的影像学诊断是：
A：颈椎病
B：胸椎管狭窄症
C：腰椎间盘突出症 
D：脊柱侧弯
E：腰肌劳损",spine/1.JPG,A
193,"请根据患者的影像学检查图片，回答问题，单选题，从中选择一个最佳答案，要求只输出选项，不输出解释：
根据影像学检查结果，请问该患者最可能的影像学诊断是：
A：腰肌劳损
B：颈椎病
C：胸椎管狭窄症 
D：腰椎间盘突出症
E：脊柱侧弯",spine/2.JPG,B
194,"请根据患者的影像学检查图片，回答问题，单选题，从中选择一个最佳答案，要求只输出选项，不输出解释：
根据影像学检查结果，请问该患者最可能的影像学诊断是：
A：脊柱侧弯
B：腰肌劳损
C：寰枢椎脱位
D：胸椎管狭窄症
E：腰椎间盘突出症",spine/3.JPG,C
195,"请根据患者的影像学检查图片，回答问题，单选题，从中选择一个最佳答案，要求只输出选项，不输出解释：
根据影像学检查结果，请问该患者最可能的影像学诊断是：
A：腰椎间盘突出症
B：脊柱侧弯
C：腰肌劳损 
D：颈椎病
E：胸椎管狭窄症",spine/4.JPG,D
196,"请根据患者的影像学检查图片，回答问题，单选题，从中选择一个最佳答案，要求只输出选项，不输出解释：
根据影像学检查结果，请问该患者最可能的影像学诊断是：
A：胸椎管狭窄症
B：腰椎间盘突出症
C：脊柱侧弯 
D：腰肌劳损
E：颈椎病",spine/5.JPG,C
197,"请根据患者的影像学检查图片，回答问题，单选题，从中选择一个最佳答案，要求只输出选项，不输出解释：
根据影像学检查结果，请问该患者最可能的影像学诊断是：
A：无骨折脱位型颈脊髓损伤
B：胸椎管狭窄症
C：腰椎间盘突出症 
D：脊柱侧弯
E：腰肌劳损",spine/6.JPG,A
198,"请根据患者的影像学检查图片，回答问题，单选题，从中选择一个最佳答案，要求只输出选项，不输出解释：
根据影像学检查结果，请问该患者最可能的影像学诊断是：
A：腰肌劳损
B：颈椎病
C：胸椎管狭窄症 
D：腰椎间盘突出症
E：脊柱侧弯",spine/7.JPG,C
199,"请根据患者的影像学检查图片，回答问题，单选题，从中选择一个最佳答案，要求只输出选项，不输出解释：
根据影像学检查结果，请问该患者最可能的影像学诊断是：
A：颈椎病
B：胸椎管狭窄症
C：腰椎间盘突出症 
D：脊柱侧弯
E：腰肌劳损",spine/8.JPG,C
200,"请根据患者的影像学检查图片，回答问题，单选题，从中选择一个最佳答案，要求只输出选项，不输出解释：
根据影像学检查结果，请问该患者最可能的影像学诊断是：
A：腰肌劳损
B：颈椎病
C：胸椎管狭窄症 
D：腰椎间盘突出症
E：脊柱侧弯",spine/9.JPG,D
201,"请根据患者的影像学检查图片，回答问题，单选题，从中选择一个最佳答案，要求只输出选项，不输出解释：
根据影像学检查结果，请问该患者最可能的影像学诊断是：
A：脊柱侧弯
B：腰肌劳损
C：颈椎病 
D：胸椎管狭窄症
E：腰椎间盘突出症",spine/10.JPG,E
202,"请根据患者的影像学检查图片，回答问题，单选题，从中选择一个最佳答案，要求只输出选项，不输出解释：
根据影像学检查结果，请问该患者最可能的影像学诊断是：
A：腰椎间盘突出症
B：脊柱侧弯
C：腰肌劳损 
D：颈椎病
E：胸椎管狭窄症",spine/11.JPG,A
203,"请根据患者的影像学检查图片，回答问题，单选题，从中选择一个最佳答案，要求只输出选项，不输出解释：
根据影像学检查结果，请问该患者最可能的影像学诊断是：
A：胸椎管狭窄症
B：腰椎间盘突出症
C：脊柱侧弯 
D：腰肌劳损
E：颈椎病",spine/12.JPG,C
